{
  "annotations": {
    "list": [
      {
        "builtIn": 1,
        "datasource": {
          "type": "grafana",
          "uid": "-- Grafana --"
        },
        "enable": true,
        "hide": true,
        "iconColor": "rgba(0, 211, 255, 1)",
        "name": "Annotations & Alerts",
        "type": "dashboard"
      }
    ]
  },
  "editable": true,
  "fiscalYearStartMonth": 0,
  "graphTooltip": 0,
  "id": 3,
  "links": [],
  "panels": [
    {
      "fieldConfig": {
        "defaults": {},
        "overrides": []
      },
      "gridPos": {
        "h": 2,
        "w": 24,
        "x": 0,
        "y": 0
      },
      "id": 8,
      "options": {
        "code": {
          "language": "plaintext",
          "showLineNumbers": false,
          "showMiniMap": false
        },
        "content": "This dashboard shows the use of metric exemplars.\nExemplars can be used to look up a trace in Jaeger.\nOnly the most recent exemplars may still be available in Jaeger.\n<br>\nChart panels may require 5 minutes after the Demo is started before rendering data.",
        "mode": "html"
      },
      "pluginVersion": "11.6.1",
      "title": "",
      "type": "text"
    },
    {
      "collapsed": false,
      "gridPos": {
        "h": 1,
        "w": 24,
        "x": 0,
        "y": 2
      },
      "id": 4,
      "panels": [],
      "title": "GetCart Exemplars",
      "type": "row"
    },
    {
      "datasource": {
        "type": "prometheus",
        "uid": "webstore-metrics"
      },
      "fieldConfig": {
        "defaults": {
          "custom": {
            "hideFrom": {
              "legend": false,
              "tooltip": false,
              "viz": false
            },
            "scaleDistribution": {
              "type": "linear"
            }
          }
        },
        "overrides": []
      },
      "gridPos": {
        "h": 9,
        "w": 24,
        "x": 0,
        "y": 3
      },
      "id": 2,
      "interval": "2m",
      "options": {
        "calculate": false,
        "cellGap": 1,
        "color": {
          "exponent": 0.5,
          "fill": "dark-orange",
          "mode": "scheme",
          "reverse": false,
          "scale": "exponential",
          "scheme": "Spectral",
          "steps": 64
        },
        "exemplars": {
          "color": "rgba(255,0,255,0.7)"
        },
        "filterValues": {
          "le": 1e-9
        },
        "legend": {
          "show": true
        },
        "rowsFrame": {
          "layout": "auto"
        },
        "tooltip": {
          "mode": "single",
          "showColorScale": false,
          "yHistogram": false
        },
        "yAxis": {
          "axisPlacement": "left",
          "reverse": false
        }
      },
      "pluginVersion": "11.6.1",
      "targets": [
        {
          "disableTextWrap": false,
          "editorMode": "builder",
          "exemplar": true,
          "expr": "sum by(le) (rate(app_cart_get_cart_latency_seconds_bucket[$__rate_interval]))",
          "format": "heatmap",
          "fullMetaSearch": false,
          "includeNullMetadata": false,
          "instant": true,
          "legendFormat": "{{le}}",
          "range": true,
          "refId": "A",
          "useBackend": false
        }
      ],
      "title": "GetCart Latency Heatmap with Exemplars",
      "type": "heatmap"
    },
    {
      "datasource": {
        "type": "prometheus",
        "uid": "webstore-metrics"
      },
      "fieldConfig": {
        "defaults": {
          "color": {
            "mode": "palette-classic"
          },
          "custom": {
            "axisBorderShow": false,
            "axisCenteredZero": false,
            "axisColorMode": "text",
            "axisLabel": "",
            "axisPlacement": "auto",
            "barAlignment": 0,
            "barWidthFactor": 0.6,
            "drawStyle": "line",
            "fillOpacity": 0,
            "gradientMode": "none",
            "hideFrom": {
              "legend": false,
              "tooltip": false,
              "viz": false
            },
            "insertNulls": false,
            "lineInterpolation": "linear",
            "lineWidth": 1,
            "pointSize": 5,
            "scaleDistribution": {
              "type": "linear"
            },
            "showPoints": "auto",
            "spanNulls": false,
            "stacking": {
              "group": "A",
              "mode": "none"
            },
            "thresholdsStyle": {
              "mode": "off"
            }
          },
          "mappings": [],
          "thresholds": {
            "mode": "absolute",
            "steps": [
              {
                "color": "green"
              },
              {
                "color": "red",
                "value": 80
              }
            ]
          }
        },
        "overrides": []
      },
      "gridPos": {
        "h": 10,
        "w": 24,
        "x": 0,
        "y": 12
      },
      "id": 5,
      "interval": "2m",
      "options": {
        "legend": {
          "calcs": [],
          "displayMode": "list",
          "placement": "bottom",
          "showLegend": true
        },
        "tooltip": {
          "hideZeros": false,
          "mode": "single",
          "sort": "none"
        }
      },
      "pluginVersion": "11.6.1",
      "targets": [
        {
          "datasource": {
            "type": "prometheus",
            "uid": "webstore-metrics"
          },
          "disableTextWrap": false,
          "editorMode": "builder",
          "exemplar": true,
          "expr": "histogram_quantile(0.95, sum by(le) (rate(app_cart_get_cart_latency_seconds_bucket[$__rate_interval])))",
          "fullMetaSearch": false,
          "includeNullMetadata": false,
          "legendFormat": "p95 GetCart",
          "range": true,
          "refId": "A",
          "useBackend": false
        }
      ],
      "title": "95th Pct Cart GetCart Latency with Exemplars",
      "type": "timeseries"
    },
    {
      "collapsed": false,
      "gridPos": {
        "h": 1,
        "w": 24,
        "x": 0,
        "y": 22
      },
      "id": 3,
      "panels": [],
      "title": "AddItem Exemplars",
      "type": "row"
    },
    {
      "datasource": {
        "type": "prometheus",
        "uid": "webstore-metrics"
      },
      "fieldConfig": {
        "defaults": {
          "custom": {
            "hideFrom": {
              "legend": false,
              "tooltip": false,
              "viz": false
            },
            "scaleDistribution": {
              "type": "linear"
            }
          }
        },
        "overrides": []
      },
      "gridPos": {
        "h": 9,
        "w": 24,
        "x": 0,
        "y": 23
      },
      "id": 6,
      "interval": "2m",
      "options": {
        "calculate": false,
        "cellGap": 1,
        "color": {
          "exponent": 0.5,
          "fill": "dark-orange",
          "mode": "scheme",
          "reverse": false,
          "scale": "exponential",
          "scheme": "Spectral",
          "steps": 64
        },
        "exemplars": {
          "color": "rgba(255,0,255,0.7)"
        },
        "filterValues": {
          "le": 1e-9
        },
        "legend": {
          "show": true
        },
        "rowsFrame": {
          "layout": "auto"
        },
        "tooltip": {
          "mode": "single",
          "showColorScale": false,
          "yHistogram": false
        },
        "yAxis": {
          "axisPlacement": "left",
          "reverse": false
        }
      },
      "pluginVersion": "11.6.1",
      "targets": [
        {
          "disableTextWrap": false,
          "editorMode": "builder",
          "exemplar": true,
          "expr": "sum by(le) (rate(app_cart_add_item_latency_seconds_bucket[$__rate_interval]))",
          "format": "heatmap",
          "fullMetaSearch": false,
          "includeNullMetadata": false,
          "instant": true,
          "legendFormat": "{{le}}",
          "range": true,
          "refId": "A",
          "useBackend": false
        }
      ],
      "title": "AddItem Latency Heatmap with Exemplars",
      "type": "heatmap"
    },
    {
      "datasource": {
        "type": "prometheus",
        "uid": "webstore-metrics"
      },
      "fieldConfig": {
        "defaults": {
          "color": {
            "mode": "palette-classic"
          },
          "custom": {
            "axisBorderShow": false,
            "axisCenteredZero": false,
            "axisColorMode": "text",
            "axisLabel": "",
            "axisPlacement": "auto",
            "barAlignment": 0,
            "barWidthFactor": 0.6,
            "drawStyle": "line",
            "fillOpacity": 0,
            "gradientMode": "none",
            "hideFrom": {
              "legend": false,
              "tooltip": false,
              "viz": false
            },
            "insertNulls": false,
            "lineInterpolation": "linear",
            "lineWidth": 1,
            "pointSize": 5,
            "scaleDistribution": {
              "type": "linear"
            },
            "showPoints": "auto",
            "spanNulls": false,
            "stacking": {
              "group": "A",
              "mode": "none"
            },
            "thresholdsStyle": {
              "mode": "off"
            }
          },
          "mappings": [],
          "thresholds": {
            "mode": "absolute",
            "steps": [
              {
                "color": "green"
              },
              {
                "color": "red",
                "value": 80
              }
            ]
          }
        },
        "overrides": []
      },
      "gridPos": {
        "h": 10,
        "w": 24,
        "x": 0,
        "y": 32
      },
      "id": 1,
      "interval": "2m",
      "options": {
        "legend": {
          "calcs": [],
          "displayMode": "list",
          "placement": "bottom",
          "showLegend": true
        },
        "tooltip": {
          "hideZeros": false,
          "mode": "single",
          "sort": "none"
        }
      },
      "pluginVersion": "11.6.1",
      "targets": [
        {
          "datasource": {
            "type": "prometheus",
            "uid": "webstore-metrics"
          },
          "disableTextWrap": false,
          "editorMode": "builder",
          "exemplar": true,
          "expr": "histogram_quantile(0.95, sum by(le) (rate(app_cart_add_item_latency_seconds_bucket[$__rate_interval])))",
          "fullMetaSearch": false,
          "includeNullMetadata": false,
          "legendFormat": "p95 AddItem",
          "range": true,
          "refId": "A",
          "useBackend": false
        }
      ],
      "title": "95th Pct Cart AddItem Latency with Exemplars",
      "type": "timeseries"
    }
  ],
  "preload": false,
  "schemaVersion": 41,
  "tags": [],
  "templating": {
    "list": []
  },
  "time": {
    "from": "now-15m",
    "to": "now"
  },
  "timepicker": {},
  "timezone": "browser",
  "title": "Cart Service Exemplars",
  "uid": "ce6sd46kfkglca",
  "version": 1
}